txn_id,cust_id,amount,points,is_member,status,txn_date
TXN-11044,6439968092,8871.15,3,False,COMPLETED,2026-02-10 04:32:12
TXN-14844,7245991553,12316.36,27,False,PENDING,2026-02-10 06:33:04
TXN-24319,6904500237,7359.8,59,True,COMPLETED,2026-02-10 07:57:42
TXN-26132,2213569454,7456.38,366,True,COMPLETED,2026-02-10 18:51:40
TXN-27864,3878529472,8611.96,265,False,CANCELLED,2026-02-10 09:11:10
TXN-29878,6904500237,3286.08,489,False,COMPLETED,2026-02-10 14:09:04
TXN-31838,5828340170,10559.13,480,True,CANCELLED,2026-02-10 14:36:26
TXN-35301,4474717052,,485,True,COMPLETED,2026-02-10 14:00:37
TXN-36739,7245991553,11193.72,273,False,PENDING,2026-02-10 13:31:47
TXN-40643,4568329534,5653.98,409,False,PENDING,2026-02-10 09:52:11
TXN-41787,4351630478,,219,False,COMPLETED,2026-02-10 09:53:06
TXN-46400,3991308074,10767.31,222,True,CANCELLED,2026-02-10 17:00:36
TXN-49316,8716952983,899.44,236,True,PENDING,2026-02-10 14:43:21
TXN-54317,3991308074,5729.17,428,False,COMPLETED,2026-02-10 21:13:36
TXN-58521,7651565215,202.68,478,True,PENDING,2026-02-10 10:29:34
TXN-62656,8148109337,6300.26,410,True,COMPLETED,2026-02-10 01:02:09
TXN-65474,3991308074,12088.38,186,False,COMPLETED,2026-02-10 03:15:38
TXN-72145,6579398125,,13,False,COMPLETED,2026-02-10 06:34:46
TXN-75193,4058611172,4526.55,18,False,COMPLETED,2026-02-10 13:20:17
TXN-78243,1474792354,10652.06,263,True,CANCELLED,2026-02-10 14:30:47
TXN-82190,8716952983,12253.1,486,False,PENDING,2026-02-10 06:28:26
TXN-85561,5285552918,11101.02,413,False,COMPLETED,2026-02-10 18:06:47
TXN-88737,1674513681,12709.79,431,False,CANCELLED,2026-02-10 18:44:39
TXN-91934,8871159003,319.89,195,False,CANCELLED,2026-02-10 20:51:58
TXN-96352,1284364112,,476,False,CANCELLED,2026-02-10 17:32:31
TXN-10662,8913571312,5026.49,15,True,PENDING,2026-02-10 11:11:04
TXN-13982,2712293212,10801.62,179,False,CANCELLED,2026-02-10 03:12:40
TXN-19617,3878529472,12802.66,137,True,CANCELLED,2026-02-10 15:44:39
TXN-22088,6904500237,10095.3,191,True,CANCELLED,2026-02-10 21:36:59
TXN-27616,6904500237,11177.7,209,False,CANCELLED,2026-02-10 10:22:14
TXN-30920,2213569454,627.08,260,True,COMPLETED,2026-02-10 07:42:56
TXN-34101,1674513681,4531.38,421,True,PENDING,2026-02-10 05:15:12
TXN-35698,7651565215,10359.12,94,False,CANCELLED,2026-02-10 09:28:25
TXN-40334,9200954899,11964.19,160,True,CANCELLED,2026-02-10 11:23:47
TXN-44390,7245991553,11787.57,24,True,PENDING,2026-02-10 20:35:53
TXN-47790,2213569454,6749.81,172,True,COMPLETED,2026-02-10 05:05:17
TXN-51667,5285552918,12998.2,115,False,PENDING,2026-02-10 22:28:53
TXN-54215,5285552918,13914.24,147,True,CANCELLED,2026-02-10 21:09:31
TXN-56943,9200954899,13772.58,498,False,PENDING,2026-02-10 01:57:48
TXN-61266,1539140569,12328.81,292,True,CANCELLED,2026-02-10 21:10:07
TXN-64411,1539140569,6380.8,229,False,CANCELLED,2026-02-10 10:37:31
TXN-69223,6425597888,10109.23,370,True,COMPLETED,2026-02-10 11:30:42
TXN-71967,7959785361,4286.21,463,True,PENDING,2026-02-10 12:40:53
TXN-74371,6439968092,2075.31,327,False,COMPLETED,2026-02-10 14:50:14
TXN-77632,6176871470,10738.02,316,False,CANCELLED,2026-02-10 09:52:11
TXN-80517,4568329534,5052.38,348,False,COMPLETED,2026-02-10 22:31:05
TXN-83031,1772578074,,219,False,PENDING,2026-02-10 07:42:12
TXN-85462,7245991553,4653.52,350,True,COMPLETED,2026-02-10 03:40:01
TXN-90727,8913571312,3748.95,353,True,PENDING,2026-02-10 12:25:26
TXN-97233,1474792354,5973.92,34,True,PENDING,2026-02-10 09:03:39
TXN-11334,2213569454,445.72,302,True,CANCELLED,2026-02-10 01:12:50
TXN-13350,6425597888,5582.22,265,True,CANCELLED,2026-02-10 19:05:03
TXN-15989,6475869209,8324.51,194,False,CANCELLED,2026-02-10 04:49:05
TXN-18381,1284364112,8500.0,106,True,COMPLETED,2026-02-10 12:43:05
TXN-22234,1539140569,13012.7,290,False,PENDING,2026-02-10 10:36:41
TXN-25854,2712293212,10865.57,353,True,CANCELLED,2026-02-10 02:15:35
TXN-30282,9200954899,3649.57,57,True,CANCELLED,2026-02-10 21:44:21
TXN-33753,7164848609,4260.45,331,True,CANCELLED,2026-02-10 08:56:44
TXN-35890,6176871470,2846.82,421,True,PENDING,2026-02-10 18:05:07
TXN-41577,5285552918,5985.71,249,True,PENDING,2026-02-10 16:06:51
TXN-46817,7245991553,11441.69,11,True,COMPLETED,2026-02-10 21:53:35
TXN-52471,3878529472,4571.53,25,True,COMPLETED,2026-02-10 01:11:02
TXN-54796,5033983622,14468.33,117,False,COMPLETED,2026-02-10 18:23:18
TXN-58290,9985810207,4162.77,282,True,COMPLETED,2026-02-10 10:53:07
TXN-64191,9985810207,12383.16,389,False,PENDING,2026-02-10 06:59:31
TXN-66393,2449494469,2534.26,237,True,PENDING,2026-02-10 06:50:36
TXN-68564,7151155582,648.72,493,True,PENDING,2026-02-10 16:22:55
TXN-75699,7651565215,14869.36,395,True,COMPLETED,2026-02-10 22:58:31
TXN-80922,2712293212,9586.42,393,False,PENDING,2026-02-10 08:14:00
TXN-83423,5630927942,1822.02,305,True,COMPLETED,2026-02-10 03:05:42
TXN-85533,5105127221,9674.43,131,False,CANCELLED,2026-02-10 19:22:38
TXN-88072,1539140569,843.4,283,False,COMPLETED,2026-02-10 12:30:19
TXN-90540,3878529472,2191.24,280,False,CANCELLED,2026-02-10 21:32:34
TXN-93702,4571629473,6750.45,336,True,CANCELLED,2026-02-10 03:42:35
TXN-97078,6579398125,4944.16,39,False,COMPLETED,2026-02-10 22:10:02
TXN-12058,7151155582,12980.27,183,True,PENDING,2026-02-10 21:28:50
TXN-18377,8317563089,,66,False,COMPLETED,2026-02-10 05:51:31
TXN-22996,4351630478,14416.15,29,True,CANCELLED,2026-02-10 05:57:32
TXN-27365,5630927942,13106.97,239,True,CANCELLED,2026-02-10 06:12:17
TXN-30279,9985810207,7299.4,49,False,COMPLETED,2026-02-10 06:18:20
TXN-32262,4312271815,1325.87,55,True,COMPLETED,2026-02-10 19:46:36
TXN-37001,1284364112,9914.94,499,True,PENDING,2026-02-10 13:05:23
TXN-41235,7651565215,12305.77,209,True,PENDING,2026-02-10 10:21:55
TXN-46434,6759239331,6877.54,361,False,PENDING,2026-02-10 21:08:18
TXN-50561,2542365134,12257.72,431,True,COMPLETED,2026-02-10 02:12:35
TXN-54996,1474792354,13680.37,196,True,PENDING,2026-02-10 16:17:37
TXN-56146,4571629473,5643.28,253,False,PENDING,2026-02-10 14:59:25
TXN-58964,8317563089,13124.1,238,True,COMPLETED,2026-02-10 00:48:35
TXN-64075,5630927942,1660.5,101,True,CANCELLED,2026-02-10 17:49:14
TXN-67191,1474792354,6491.08,255,True,CANCELLED,2026-02-10 13:47:03
TXN-71424,1539140569,,332,False,COMPLETED,2026-02-10 08:02:36
TXN-75896,2542365134,10504.56,153,False,CANCELLED,2026-02-10 23:15:17
TXN-77660,6759239331,809.32,167,True,PENDING,2026-02-10 23:49:01
TXN-83400,5033983622,11410.38,475,False,CANCELLED,2026-02-10 06:00:51
TXN-85619,4568329534,464.11,238,False,COMPLETED,2026-02-10 13:17:21
TXN-87744,7151155582,1345.39,168,True,PENDING,2026-02-10 00:45:40
TXN-89082,7151155582,1212.76,214,True,CANCELLED,2026-02-10 06:12:01
TXN-90628,6176871470,8095.13,232,False,COMPLETED,2026-02-10 04:36:46
TXN-93848,1474792354,3167.71,427,False,PENDING,2026-02-10 06:05:36
TXN-97206,7151155582,1061.01,186,False,COMPLETED,2026-02-10 20:52:38
TXN-10478,3878529472,5644.13,204,False,COMPLETED,2026-02-10 11:14:08
TXN-15954,4698594466,7539.78,465,True,PENDING,2026-02-10 01:05:50
TXN-18799,8221048896,1208.11,88,True,COMPLETED,2026-02-10 10:08:28
TXN-21276,6176871470,3054.57,172,False,PENDING,2026-02-10 18:35:51
TXN-24295,1674513681,,431,False,PENDING,2026-02-10 14:42:17
TXN-27412,1971934265,3888.3,125,True,PENDING,2026-02-10 05:30:14
TXN-32087,5630927942,8962.0,208,False,COMPLETED,2026-02-10 00:08:14
TXN-37155,8317563089,11476.44,324,True,PENDING,2026-02-10 17:25:31
TXN-39681,4312271815,,188,False,COMPLETED,2026-02-10 18:13:59
TXN-42931,5828340170,1317.47,222,True,PENDING,2026-02-10 23:52:31
TXN-44333,6904500237,12463.29,418,True,CANCELLED,2026-02-10 13:40:12
TXN-49666,1539140569,4729.72,153,True,COMPLETED,2026-02-10 03:10:40
TXN-52915,5033983622,3604.9,50,True,COMPLETED,2026-02-10 09:18:09
TXN-59570,1474792354,,237,False,PENDING,2026-02-10 21:01:08
TXN-64608,5285552918,2443.1,310,False,PENDING,2026-02-10 08:07:51
TXN-67285,8871159003,7795.04,332,True,COMPLETED,2026-02-10 23:54:43
TXN-71060,3878529472,5687.91,68,True,PENDING,2026-02-10 02:49:09
TXN-73264,4312271815,7694.11,217,False,COMPLETED,2026-02-10 15:37:47
TXN-76257,7164848609,4312.25,162,False,CANCELLED,2026-02-10 05:13:55
TXN-79979,7151155582,11822.36,136,True,COMPLETED,2026-02-10 23:27:54
TXN-84982,8148109337,12177.41,335,True,PENDING,2026-02-10 20:10:27
TXN-89583,2449494469,2684.42,288,True,CANCELLED,2026-02-10 09:15:52
TXN-91312,5285552918,7708.81,299,True,COMPLETED,2026-02-10 22:09:00
TXN-93701,6904500237,4503.79,80,True,COMPLETED,2026-02-10 00:03:33
TXN-96991,7164848609,13072.34,169,True,CANCELLED,2026-02-10 10:49:31
TXN-11848,8317563089,545.08,279,True,CANCELLED,2026-02-10 23:17:45
TXN-17363,7151155582,3495.33,136,False,PENDING,2026-02-10 03:21:01
TXN-18843,2213569454,11971.42,351,True,COMPLETED,2026-02-10 08:41:29
TXN-20917,9985810207,6252.52,382,False,COMPLETED,2026-02-10 20:19:19
TXN-21733,6579398125,11085.76,90,True,CANCELLED,2026-02-10 20:39:16
TXN-24967,1674513681,,419,False,CANCELLED,2026-02-10 13:09:14
TXN-31847,4474717052,1819.6,466,True,COMPLETED,2026-02-10 14:16:07
TXN-40005,2542365134,3699.67,272,False,CANCELLED,2026-02-10 05:07:25
TXN-43576,5630927942,13939.32,413,True,COMPLETED,2026-02-10 07:52:15
TXN-45307,6579398125,8718.42,29,False,CANCELLED,2026-02-10 04:05:36
TXN-49559,7151155582,9806.73,459,True,COMPLETED,2026-02-10 01:45:57
TXN-52811,3991308074,11488.98,379,False,CANCELLED,2026-02-10 16:13:23
TXN-57530,2712293212,7523.18,36,False,COMPLETED,2026-02-10 17:30:41
TXN-62673,5828340170,11011.25,282,False,COMPLETED,2026-02-10 16:54:31
TXN-64560,2542365134,3988.69,483,True,COMPLETED,2026-02-10 16:07:41
TXN-67780,6475869209,1151.65,462,True,CANCELLED,2026-02-10 08:30:05
TXN-70021,4571629473,6430.39,125,True,PENDING,2026-02-10 09:34:52
TXN-73924,2542365134,3033.47,153,False,COMPLETED,2026-02-10 14:46:37
TXN-75484,8019249439,2797.93,401,True,COMPLETED,2026-02-10 12:28:42
TXN-84335,4568329534,6904.08,283,True,PENDING,2026-02-10 23:02:12
TXN-86386,3991308074,5853.39,13,False,CANCELLED,2026-02-10 08:25:59
TXN-90645,5747456772,9058.32,297,False,COMPLETED,2026-02-10 20:25:54
TXN-92315,8716952983,13179.97,492,True,CANCELLED,2026-02-10 04:29:29
TXN-95232,5747456772,5176.78,411,False,PENDING,2026-02-10 17:44:42
TXN-99008,9985810207,11167.84,432,True,PENDING,2026-02-10 12:13:08
TXN-19904,1971934265,14717.16,74,True,PENDING,2026-02-10 18:18:22
TXN-22942,6737382526,14037.75,386,True,CANCELLED,2026-02-10 16:03:40
TXN-27626,5105127221,2337.73,389,True,COMPLETED,2026-02-10 16:20:06
TXN-30570,2542365134,1623.23,499,True,PENDING,2026-02-10 19:19:10
TXN-33022,6176871470,,388,False,PENDING,2026-02-10 20:58:27
TXN-36379,7651565215,7720.0,41,False,PENDING,2026-02-10 08:10:33
TXN-37866,4474717052,9750.33,99,True,CANCELLED,2026-02-10 07:02:15
TXN-40206,7245991553,8436.94,2,True,COMPLETED,2026-02-10 21:24:12
TXN-46724,4568329534,14472.57,69,False,PENDING,2026-02-10 08:40:44
TXN-50580,6737382526,9889.8,111,False,COMPLETED,2026-02-10 01:18:33
TXN-53737,5105127221,3542.4,310,True,PENDING,2026-02-10 12:30:31
TXN-56504,3127368181,2231.78,494,False,COMPLETED,2026-02-10 16:52:43
TXN-62856,6904500237,4716.44,238,False,COMPLETED,2026-02-10 11:21:18
TXN-65101,1211827224,14391.64,67,False,COMPLETED,2026-02-10 14:25:16
TXN-69455,6904500237,4925.25,160,True,COMPLETED,2026-02-10 04:19:29
TXN-72976,8148109337,13740.68,462,True,COMPLETED,2026-02-10 18:08:15
TXN-74957,8221048896,8920.48,361,False,PENDING,2026-02-10 04:05:10
TXN-77907,5395716639,12453.67,125,True,PENDING,2026-02-10 03:05:01
TXN-82002,6439968092,6709.77,137,True,PENDING,2026-02-10 12:27:19
TXN-83088,5105127221,14294.47,281,True,COMPLETED,2026-02-10 08:08:53
TXN-88841,8317563089,7450.07,27,False,CANCELLED,2026-02-10 00:20:07
TXN-90422,8871159003,,34,False,CANCELLED,2026-02-10 13:06:46
TXN-92819,9985810207,6392.94,113,False,COMPLETED,2026-02-10 09:05:09
TXN-95934,4571629473,1706.66,308,False,COMPLETED,2026-02-10 15:07:19
TXN-98239,1772578074,8972.63,67,True,PENDING,2026-02-10 07:36:21
TXN-13321,3127368181,13468.14,93,True,CANCELLED,2026-02-10 08:43:22
TXN-20341,5828340170,13669.01,458,True,CANCELLED,2026-02-10 19:45:51
TXN-22434,4058611172,4995.36,316,True,COMPLETED,2026-02-10 06:19:48
TXN-24319,6904500237,7359.8,59,True,COMPLETED,2026-02-10 07:57:42
TXN-25898,5285552918,9989.05,94,True,CANCELLED,2026-02-10 15:24:24
TXN-28120,4058611172,6460.34,229,True,COMPLETED,2026-02-10 12:28:25
TXN-30164,8716952983,8544.38,98,False,PENDING,2026-02-10 19:58:29
TXN-31809,9200954899,10761.31,51,True,CANCELLED,2026-02-10 18:58:25
TXN-36409,8019249439,3491.17,174,True,PENDING,2026-02-10 09:48:40
TXN-38856,5828340170,11605.68,242,False,PENDING,2026-02-10 23:40:41
TXN-43427,7164848609,,265,False,COMPLETED,2026-02-10 09:38:54
TXN-46090,5630927942,10131.6,458,False,CANCELLED,2026-02-10 08:38:35
TXN-53132,2213569454,4050.0,168,True,COMPLETED,2026-02-10 19:44:04
TXN-57201,7164848609,10987.35,489,True,CANCELLED,2026-02-10 18:44:10
TXN-58521,7651565215,202.68,478,True,PENDING,2026-02-10 10:29:34
TXN-61982,8221048896,14719.2,12,True,PENDING,2026-02-10 05:46:43
TXN-65368,5033983622,10639.97,223,False,PENDING,2026-02-10 03:02:08
TXN-69044,4351630478,10076.35,155,True,COMPLETED,2026-02-10 21:27:22
TXN-73972,4351630478,8802.98,456,False,PENDING,2026-02-10 11:21:34
TXN-81451,6176871470,9573.91,176,False,COMPLETED,2026-02-10 08:21:40
TXN-84622,7151155582,9569.8,425,True,COMPLETED,2026-02-10 01:53:06
TXN-89925,3991308074,5636.68,291,False,COMPLETED,2026-02-10 06:25:12
TXN-92565,4312271815,,162,True,COMPLETED,2026-02-10 01:51:43
TXN-95804,1211827224,8644.45,366,True,PENDING,2026-02-10 17:05:35
TXN-99201,6425597888,14914.25,211,True,COMPLETED,2026-02-10 09:05:08
TXN-11653,5630927942,3688.82,386,True,COMPLETED,2026-02-10 14:42:03
TXN-18026,9985810207,8455.81,25,True,COMPLETED,2026-02-10 17:47:28
TXN-24640,5105127221,13499.28,433,False,COMPLETED,2026-02-10 18:25:14
TXN-27006,3878529472,,114,True,COMPLETED,2026-02-10 16:39:17
TXN-28900,6425597888,1212.02,427,True,PENDING,2026-02-10 14:57:19
TXN-30208,7245991553,340.26,237,True,PENDING,2026-02-10 16:19:25
TXN-33193,7151155582,9386.56,252,True,CANCELLED,2026-02-10 01:46:16
TXN-35405,8871159003,4968.9,20,False,COMPLETED,2026-02-10 12:44:54
TXN-37274,1772578074,3521.93,122,True,CANCELLED,2026-02-10 06:45:43
TXN-40707,6737382526,13455.54,443,True,COMPLETED,2026-02-10 14:19:48
TXN-42740,8148109337,14244.63,381,False,CANCELLED,2026-02-10 00:03:33
TXN-46681,1474792354,1901.52,15,False,COMPLETED,2026-02-10 12:38:31
TXN-49476,2449494469,7579.36,396,True,CANCELLED,2026-02-10 06:09:23
TXN-54729,1474792354,8377.52,377,True,CANCELLED,2026-02-10 00:17:07
TXN-60943,8716952983,9816.13,229,False,CANCELLED,2026-02-10 02:20:07
TXN-63012,9200954899,7694.75,434,True,PENDING,2026-02-10 06:16:25
TXN-66441,4698594466,12640.78,341,False,COMPLETED,2026-02-10 20:28:03
TXN-72465,8148109337,8978.59,498,False,PENDING,2026-02-10 08:03:17
TXN-75719,5105127221,14320.01,28,False,COMPLETED,2026-02-10 15:22:24
TXN-78578,5747456772,3810.17,426,False,PENDING,2026-02-10 07:22:46
TXN-82615,6737382526,5901.35,116,False,COMPLETED,2026-02-10 22:55:34
TXN-87246,3878529472,7187.29,299,True,CANCELLED,2026-02-10 15:18:08
TXN-89121,5395716639,2749.5,419,False,COMPLETED,2026-02-10 08:56:50
TXN-92883,8148109337,9426.8,339,False,CANCELLED,2026-02-10 17:11:16
TXN-96680,8221048896,523.23,103,False,CANCELLED,2026-02-10 20:04:48
TXN-10849,7164848609,1178.61,345,False,PENDING,2026-02-10 19:51:39
TXN-15010,5285552918,4907.74,395,False,PENDING,2026-02-10 07:29:13
TXN-19809,7245991553,,115,False,COMPLETED,2026-02-10 11:34:38
TXN-23592,8317563089,4275.25,198,False,PENDING,2026-02-10 13:47:35
TXN-29546,4351630478,,324,False,COMPLETED,2026-02-10 19:02:08
TXN-31349,6579398125,,247,True,CANCELLED,2026-02-10 09:00:50
TXN-34150,4698594466,9261.8,223,False,CANCELLED,2026-02-10 03:58:13
TXN-36408,8317563089,9385.78,145,False,PENDING,2026-02-10 16:18:07
TXN-41435,2213569454,503.17,74,False,COMPLETED,2026-02-10 23:03:58
TXN-45142,1674513681,1601.76,208,True,CANCELLED,2026-02-10 05:23:50
TXN-48273,6425597888,7230.59,492,True,CANCELLED,2026-02-10 09:17:49
TXN-52047,7245991553,7326.59,481,True,CANCELLED,2026-02-10 16:45:57
TXN-54542,7651565215,6907.14,91,True,CANCELLED,2026-02-10 07:46:17
TXN-57556,9200954899,7529.02,403,False,COMPLETED,2026-02-10 21:10:49
TXN-61541,6176871470,,155,False,COMPLETED,2026-02-10 02:24:23
TXN-64857,7164848609,10812.52,399,False,CANCELLED,2026-02-10 19:01:06
TXN-69831,8871159003,10089.59,488,True,COMPLETED,2026-02-10 05:48:29
TXN-72049,1971934265,6616.03,229,False,PENDING,2026-02-10 15:27:27
TXN-75070,4568329534,9478.96,492,False,PENDING,2026-02-10 02:30:47
TXN-77827,9200954899,5489.76,282,True,PENDING,2026-02-10 18:09:03
TXN-80705,5105127221,12011.3,405,True,CANCELLED,2026-02-10 16:33:39
TXN-83872,3991308074,7700.95,162,False,COMPLETED,2026-02-10 13:40:16
TXN-85874,1211827224,3308.99,448,False,CANCELLED,2026-02-10 03:10:47
TXN-90920,4568329534,5510.75,297,False,CANCELLED,2026-02-10 17:45:55
TXN-97510,8221048896,1536.22,492,True,COMPLETED,2026-02-10 14:41:24
TXN-11394,7245991553,10928.21,367,False,PENDING,2026-02-10 00:26:02
TXN-13960,1539140569,12259.62,372,False,CANCELLED,2026-02-10 21:56:58
TXN-16173,2712293212,13663.14,343,True,CANCELLED,2026-02-10 20:59:31
TXN-19305,2542365134,,191,True,COMPLETED,2026-02-10 14:11:46
TXN-22510,2542365134,13134.07,271,False,COMPLETED,2026-02-10 12:41:32
TXN-25938,6176871470,10575.77,69,True,CANCELLED,2026-02-10 10:19:59
TXN-30420,5630927942,13298.26,58,False,CANCELLED,2026-02-10 22:17:29
TXN-33948,2213569454,5320.32,451,True,COMPLETED,2026-02-10 12:43:30
TXN-36783,3991308074,14234.87,229,True,COMPLETED,2026-02-10 17:09:07
TXN-43017,6425597888,8079.33,390,False,PENDING,2026-02-10 08:40:12
TXN-49396,8317563089,7203.28,352,False,COMPLETED,2026-02-10 17:47:58
TXN-52492,6737382526,1179.11,309,True,PENDING,2026-02-10 07:07:29
TXN-56035,2712293212,10636.82,106,True,COMPLETED,2026-02-10 00:53:51
TXN-60909,5828340170,,85,True,CANCELLED,2026-02-10 23:47:53
TXN-64339,5033983622,13801.03,79,False,COMPLETED,2026-02-10 11:21:36
TXN-66458,4568329534,8280.09,352,False,CANCELLED,2026-02-10 15:15:46
TXN-69248,5285552918,6445.9,89,True,PENDING,2026-02-10 15:04:07
TXN-78204,4351630478,289.35,287,True,PENDING,2026-02-10 15:49:17
TXN-80984,7151155582,10393.53,32,True,CANCELLED,2026-02-10 14:42:15
TXN-83827,4568329534,81.37,473,False,PENDING,2026-02-10 02:11:30
TXN-87019,4568329534,8217.76,99,True,PENDING,2026-02-10 20:02:23
TXN-88539,6579398125,13730.38,147,False,COMPLETED,2026-02-10 12:33:28
TXN-90542,4568329534,14159.21,222,False,CANCELLED,2026-02-10 23:07:23
TXN-93865,5828340170,7862.65,390,True,COMPLETED,2026-02-10 08:46:43
TXN-97559,6425597888,12661.66,315,False,PENDING,2026-02-10 08:06:43
TXN-13203,5747456772,14789.85,50,False,CANCELLED,2026-02-10 10:32:25
TXN-18843,8317563089,9163.0,111,True,COMPLETED,2026-02-10 14:11:28
TXN-24777,1211827224,8508.63,108,False,CANCELLED,2026-02-10 09:56:41
TXN-27372,4312271815,241.94,56,True,PENDING,2026-02-10 18:14:51
TXN-31268,4312271815,8761.39,232,True,PENDING,2026-02-10 09:42:05
TXN-33049,9200954899,14869.69,114,True,CANCELLED,2026-02-10 17:50:44
TXN-37503,5395716639,10627.61,103,False,CANCELLED,2026-02-10 20:50:21
TXN-41744,1539140569,5291.17,10,True,CANCELLED,2026-02-10 17:04:07
TXN-46632,6759239331,4418.7,46,False,CANCELLED,2026-02-10 23:03:38
TXN-50933,8871159003,6241.78,472,True,PENDING,2026-02-10 04:10:56
TXN-55056,8871159003,8904.98,498,True,COMPLETED,2026-02-10 20:31:00
TXN-57394,9985810207,,301,True,COMPLETED,2026-02-10 04:35:50
TXN-61445,5033983622,4742.42,235,False,COMPLETED,2026-02-10 17:50:42
TXN-64611,3878529472,3241.97,11,False,COMPLETED,2026-02-10 13:48:50
TXN-67694,2213569454,5576.17,227,False,CANCELLED,2026-02-10 00:49:10
TXN-72191,5828340170,3723.42,435,True,PENDING,2026-02-10 07:00:57
TXN-76384,5828340170,8794.51,244,False,CANCELLED,2026-02-10 06:27:56
TXN-77894,6737382526,11283.48,341,True,PENDING,2026-02-10 17:22:13
TXN-84244,6904500237,5030.79,128,False,PENDING,2026-02-10 07:26:39
TXN-85952,4568329534,12910.65,161,False,PENDING,2026-02-10 16:56:07
TXN-87914,5747456772,6616.36,301,False,CANCELLED,2026-02-10 07:16:53
TXN-89252,1971934265,677.46,270,True,PENDING,2026-02-10 11:12:22
TXN-91055,4312271815,7420.41,351,True,CANCELLED,2026-02-10 20:27:53
TXN-94070,8913571312,4827.61,24,False,PENDING,2026-02-10 04:27:20
TXN-97306,4698594466,12332.51,356,True,CANCELLED,2026-02-10 09:47:46
TXN-10743,6176871470,,345,False,COMPLETED,2026-02-10 19:01:35
TXN-16048,4568329534,8936.63,39,True,COMPLETED,2026-02-10 13:08:51
TXN-19594,8871159003,10819.58,193,False,CANCELLED,2026-02-10 14:34:09
TXN-22371,9200954899,1021.43,171,True,CANCELLED,2026-02-10 23:09:43
TXN-25046,6904500237,12892.17,500,True,CANCELLED,2026-02-10 00:27:37
TXN-28376,8148109337,14853.33,478,False,PENDING,2026-02-10 12:38:27
TXN-32932,7164848609,8428.27,8,False,CANCELLED,2026-02-10 08:37:01
TXN-37778,6425597888,7473.03,380,False,CANCELLED,2026-02-10 13:18:41
TXN-40866,5285552918,8547.11,408,False,PENDING,2026-02-10 18:24:51
TXN-43152,6425597888,868.37,196,True,COMPLETED,2026-02-10 22:34:44
TXN-45094,3878529472,3660.88,227,False,COMPLETED,2026-02-10 11:39:04
TXN-50597,1772578074,6148.23,173,True,COMPLETED,2026-02-10 19:16:39
TXN-55363,8716952983,8940.17,226,False,COMPLETED,2026-02-10 07:40:14
TXN-59670,4351630478,11920.15,463,False,PENDING,2026-02-10 13:54:51
TXN-66296,5630927942,11495.36,56,False,COMPLETED,2026-02-10 16:30:54
TXN-67806,7959785361,12750.24,201,True,PENDING,2026-02-10 15:54:26
TXN-71675,3127368181,1171.15,144,False,COMPLETED,2026-02-10 19:54:04
TXN-74171,1211827224,,135,False,COMPLETED,2026-02-10 17:40:34
TXN-76500,5395716639,4935.51,377,True,COMPLETED,2026-02-10 09:39:01
TXN-80510,1284364112,9487.6,128,False,COMPLETED,2026-02-10 02:57:06
TXN-85080,4058611172,8747.69,367,True,CANCELLED,2026-02-10 17:09:41
TXN-89842,4351630478,1869.1,284,False,PENDING,2026-02-10 06:10:36
TXN-91748,4571629473,273.87,383,False,CANCELLED,2026-02-10 11:41:47
TXN-95122,6439968092,9530.29,157,False,COMPLETED,2026-02-10 23:59:49
TXN-97290,5630927942,12007.39,65,False,CANCELLED,2026-02-10 06:58:53
TXN-10287,1674513681,14577.02,310,False,COMPLETED,2026-02-10 06:21:51
TXN-13426,2449494469,3328.03,262,False,CANCELLED,2026-02-10 19:36:12
TXN-17597,8019249439,,164,True,COMPLETED,2026-02-10 17:17:23
TXN-18996,2712293212,5587.12,264,True,CANCELLED,2026-02-10 12:20:12
TXN-21263,4474717052,12325.57,33,True,COMPLETED,2026-02-10 23:13:59
TXN-21913,4058611172,2252.45,208,False,PENDING,2026-02-10 20:37:46
TXN-27572,1474792354,8411.27,417,True,PENDING,2026-02-10 06:57:22
TXN-32120,5285552918,5808.01,478,False,COMPLETED,2026-02-10 08:05:18
TXN-40433,6737382526,7544.84,355,True,PENDING,2026-02-10 02:05:01
TXN-44178,4351630478,1109.94,474,True,CANCELLED,2026-02-10 14:56:11
TXN-46298,8716952983,5141.59,279,False,CANCELLED,2026-02-10 11:37:19
TXN-49726,5285552918,7016.77,69,True,PENDING,2026-02-10 00:54:49
TXN-52998,7245991553,12664.29,133,False,PENDING,2026-02-10 02:45:25
TXN-60586,7151155582,4699.8,237,False,PENDING,2026-02-10 00:36:12
TXN-63345,4312271815,3454.23,373,True,PENDING,2026-02-10 16:32:51
TXN-64579,5285552918,12720.5,70,True,PENDING,2026-02-10 05:35:01
TXN-67856,1474792354,3800.73,347,True,COMPLETED,2026-02-10 23:08:46
TXN-70742,8871159003,12330.8,185,False,PENDING,2026-02-10 14:17:55
TXN-74866,4351630478,730.51,256,True,CANCELLED,2026-02-10 01:04:04
TXN-75619,6439968092,7699.61,34,True,PENDING,2026-02-10 06:51:16
TXN-84521,5105127221,3486.33,231,True,PENDING,2026-02-10 16:22:45
TXN-86855,7245991553,,264,True,CANCELLED,2026-02-10 09:47:20
TXN-90855,3127368181,4005.97,152,False,COMPLETED,2026-02-10 22:25:27
TXN-92554,4312271815,435.75,44,True,PENDING,2026-02-10 19:52:59
TXN-95630,2449494469,1844.48,487,True,CANCELLED,2026-02-10 11:45:54
TXN-99955,6737382526,7754.59,120,False,COMPLETED,2026-02-10 23:18:53
TXN-12094,2449494469,14964.15,456,False,COMPLETED,2026-02-10 17:29:39
TXN-20352,6439968092,983.89,417,True,COMPLETED,2026-02-10 20:03:57
TXN-23333,1772578074,12795.84,202,True,PENDING,2026-02-10 03:25:30
TXN-28195,1539140569,649.9,90,False,COMPLETED,2026-02-10 23:07:57
TXN-30904,1474792354,12477.61,52,False,PENDING,2026-02-10 16:46:59
TXN-33949,4568329534,8341.12,441,True,CANCELLED,2026-02-10 08:29:20
TXN-36480,2449494469,12676.78,407,True,COMPLETED,2026-02-10 16:50:19
TXN-37991,6904500237,8376.59,382,True,COMPLETED,2026-02-10 03:41:03
TXN-41895,8148109337,10863.25,221,True,PENDING,2026-02-10 21:08:47
TXN-47637,7164848609,12764.45,396,True,PENDING,2026-02-10 20:21:08
TXN-51218,8317563089,7863.78,197,True,COMPLETED,2026-02-10 06:37:35
TXN-53909,8317563089,4878.3,108,False,PENDING,2026-02-10 21:09:55
TXN-56693,7151155582,12781.31,28,False,CANCELLED,2026-02-10 19:57:26
TXN-63110,6759239331,8012.14,253,True,CANCELLED,2026-02-10 10:18:34
TXN-65153,8716952983,14266.07,223,False,PENDING,2026-02-10 05:16:24
TXN-71653,6475869209,4697.75,398,False,CANCELLED,2026-02-10 18:14:12
TXN-73425,8221048896,10509.98,124,False,COMPLETED,2026-02-10 07:32:38
TXN-75615,5395716639,1289.9,419,False,COMPLETED,2026-02-10 11:50:31
TXN-78078,9200954899,8380.37,490,True,CANCELLED,2026-02-10 10:20:47
TXN-82389,8716952983,14445.98,487,True,CANCELLED,2026-02-10 03:42:25
TXN-83407,9200954899,14312.61,19,False,PENDING,2026-02-10 21:02:12
TXN-88972,1539140569,4247.08,252,False,CANCELLED,2026-02-10 05:37:47
TXN-90680,1539140569,4145.72,122,False,COMPLETED,2026-02-10 17:10:24
TXN-93638,8716952983,2119.42,444,False,PENDING,2026-02-10 00:44:44
TXN-96579,3878529472,8771.33,155,False,CANCELLED,2026-02-10 04:24:34
TXN-99028,6904500237,792.51,142,True,COMPLETED,2026-02-10 10:04:29
TXN-11636,8716952983,8379.36,206,True,COMPLETED,2026-02-10 23:39:25
TXN-16282,8317563089,4401.35,258,True,COMPLETED,2026-02-10 12:40:14
TXN-20430,6904500237,14418.42,435,True,CANCELLED,2026-02-10 10:37:50
TXN-22440,1971934265,,483,False,COMPLETED,2026-02-10 03:11:24
TXN-24645,4474717052,3953.56,453,True,COMPLETED,2026-02-10 21:56:48
TXN-26132,2213569454,7456.38,366,True,COMPLETED,2026-02-10 18:51:40
TXN-28235,4571629473,6551.6,242,True,PENDING,2026-02-10 17:48:21
TXN-30202,1772578074,9987.05,151,False,CANCELLED,2026-02-10 07:13:33
TXN-34508,2449494469,4234.47,120,False,COMPLETED,2026-02-10 06:16:04
TXN-36739,7245991553,11193.72,273,False,PENDING,2026-02-10 13:31:47
TXN-41140,8913571312,12600.11,320,True,CANCELLED,2026-02-10 11:40:18
TXN-44741,5105127221,12666.9,380,False,PENDING,2026-02-10 15:19:53
TXN-46643,9200954899,11056.73,465,True,COMPLETED,2026-02-10 00:29:49
TXN-53675,7164848609,977.31,343,False,COMPLETED,2026-02-10 00:25:10
TXN-57759,7651565215,10444.29,377,False,COMPLETED,2026-02-10 07:35:31
TXN-59055,5828340170,8150.35,2,False,PENDING,2026-02-10 06:29:08
TXN-62198,3991308074,6086.47,423,True,COMPLETED,2026-02-10 04:15:27
TXN-65462,4698594466,,446,True,PENDING,2026-02-10 14:40:40
TXN-69284,8019249439,3720.93,97,False,COMPLETED,2026-02-10 20:55:19
TXN-74481,7151155582,11064.86,467,False,PENDING,2026-02-10 21:47:04
TXN-81900,9200954899,6074.37,123,False,COMPLETED,2026-02-10 21:35:03
TXN-85749,1284364112,10601.32,333,True,CANCELLED,2026-02-10 08:31:17
TXN-90104,2542365134,10450.76,15,True,PENDING,2026-02-10 17:02:15
TXN-93186,8716952983,7440.71,294,False,CANCELLED,2026-02-10 12:12:55
TXN-95853,4571629473,1700.72,470,True,COMPLETED,2026-02-10 07:31:18
TXN-99485,6475869209,12594.78,356,True,PENDING,2026-02-10 07:32:49
TXN-12346,9985810207,,259,False,CANCELLED,2026-02-10 17:43:57
TXN-19459,6439968092,7902.28,8,False,COMPLETED,2026-02-10 18:07:07
TXN-24803,5828340170,2871.75,450,False,PENDING,2026-02-10 03:07:50
TXN-27193,1772578074,8819.24,356,True,CANCELLED,2026-02-10 09:42:52
TXN-29141,2449494469,8811.95,125,False,PENDING,2026-02-10 12:53:57
TXN-31231,1971934265,3138.7,432,False,COMPLETED,2026-02-10 10:10:28
TXN-33398,4312271815,1648.96,82,True,PENDING,2026-02-10 01:21:28
TXN-35621,5033983622,11120.8,405,True,PENDING,2026-02-10 04:19:37
TXN-38714,1284364112,11685.64,125,False,COMPLETED,2026-02-10 02:11:50
TXN-41117,7959785361,10201.95,309,True,COMPLETED,2026-02-10 22:11:52
TXN-43066,1211827224,4690.45,393,True,PENDING,2026-02-10 15:57:12
TXN-48416,7651565215,5925.01,225,False,CANCELLED,2026-02-10 09:54:57
TXN-50675,6737382526,11127.52,274,False,CANCELLED,2026-02-10 19:14:07
TXN-56369,4058611172,4645.52,50,True,PENDING,2026-02-10 18:25:38
TXN-61038,8871159003,2053.75,105,True,PENDING,2026-02-10 23:16:07
TXN-63568,2449494469,10150.93,330,True,COMPLETED,2026-02-10 05:43:59
TXN-67063,9200954899,7536.31,343,True,PENDING,2026-02-10 06:33:11
TXN-73645,3878529472,11110.94,169,False,CANCELLED,2026-02-10 10:19:17
TXN-75740,7151155582,14276.26,39,False,CANCELLED,2026-02-10 20:46:51
TXN-79314,9985810207,5232.93,181,True,CANCELLED,2026-02-10 11:47:19
TXN-83304,6475869209,2788.04,247,True,CANCELLED,2026-02-10 09:33:29
TXN-87754,4312271815,3263.96,1,True,CANCELLED,2026-02-10 08:05:56
TXN-89134,1674513681,7787.73,328,False,PENDING,2026-02-10 08:11:06
TXN-93891,8148109337,14066.68,414,True,COMPLETED,2026-02-10 23:42:10
TXN-97156,8148109337,5234.5,266,False,CANCELLED,2026-02-10 12:30:13
TXN-11263,8148109337,8431.35,384,False,PENDING,2026-02-10 18:39:13
TXN-18643,1772578074,6313.1,374,False,PENDING,2026-02-10 18:07:34
TXN-21229,1539140569,2605.56,484,True,CANCELLED,2026-02-10 20:28:05
TXN-25547,3878529472,3419.39,116,False,PENDING,2026-02-10 08:24:06
TXN-29944,6176871470,7621.98,75,False,CANCELLED,2026-02-10 23:30:24
TXN-31378,1971934265,9070.11,460,True,CANCELLED,2026-02-10 16:38:57
TXN-34594,2542365134,13293.01,407,False,PENDING,2026-02-10 04:20:03
TXN-36657,6904500237,3412.01,163,False,CANCELLED,2026-02-10 18:24:20
TXN-42076,1211827224,5537.3,104,False,PENDING,2026-02-10 06:45:34
TXN-46112,1284364112,6407.15,73,True,CANCELLED,2026-02-10 13:32:30
TXN-48510,6737382526,1487.86,19,False,COMPLETED,2026-02-10 04:30:34
TXN-52816,3127368181,11045.99,323,True,CANCELLED,2026-02-10 03:51:34
TXN-55855,3127368181,12479.1,331,True,CANCELLED,2026-02-10 05:08:12
TXN-58116,6737382526,9093.41,366,False,PENDING,2026-02-10 02:59:31
TXN-62216,8871159003,8353.11,297,False,CANCELLED,2026-02-10 06:06:27
TXN-65160,4474717052,10886.5,95,True,COMPLETED,2026-02-10 04:50:04
TXN-70136,4698594466,11433.13,482,False,PENDING,2026-02-10 09:29:38
TXN-72534,6579398125,7005.93,184,True,CANCELLED,2026-02-10 10:13:37
TXN-75644,1474792354,1469.18,463,True,PENDING,2026-02-10 13:21:39
TXN-78870,1284364112,2976.79,391,True,PENDING,2026-02-10 08:17:54
TXN-81198,4058611172,8138.1,459,False,PENDING,2026-02-10 14:42:25
TXN-83886,8148109337,9279.91,59,False,PENDING,2026-02-10 21:02:48
TXN-86111,6579398125,95.56,290,True,COMPLETED,2026-02-10 23:43:36
TXN-91789,8317563089,14685.33,390,False,PENDING,2026-02-10 20:53:16
TXN-97693,8221048896,3514.61,117,False,CANCELLED,2026-02-10 15:33:49
TXN-11861,3991308074,13991.4,235,True,COMPLETED,2026-02-10 12:08:26
TXN-15380,6439968092,11078.81,34,False,CANCELLED,2026-02-10 07:52:52
TXN-17872,1474792354,13447.12,119,True,PENDING,2026-02-10 01:07:20
TXN-19922,6176871470,11789.11,94,False,COMPLETED,2026-02-10 02:47:44
TXN-24413,4698594466,7490.45,238,False,CANCELLED,2026-02-10 05:36:43
TXN-26566,6425597888,3663.69,453,True,CANCELLED,2026-02-10 19:23:19
TXN-32110,8913571312,,91,False,COMPLETED,2026-02-10 07:57:05
TXN-34404,2712293212,8860.78,393,True,COMPLETED,2026-02-10 02:28:53
TXN-38000,1474792354,13926.3,367,False,CANCELLED,2026-02-10 03:31:24
TXN-43339,6425597888,14604.85,306,True,CANCELLED,2026-02-10 05:23:59
TXN-49495,5285552918,11431.14,98,True,PENDING,2026-02-10 05:33:30
TXN-53904,4568329534,,145,True,COMPLETED,2026-02-10 08:07:15
TXN-56434,6579398125,395.22,487,True,CANCELLED,2026-02-10 00:37:25
TXN-63627,7151155582,12782.44,175,True,COMPLETED,2026-02-10 12:43:14
TXN-64764,5395716639,11072.3,162,True,COMPLETED,2026-02-10 00:06:31
TXN-67223,8148109337,6617.1,386,True,PENDING,2026-02-10 00:19:51
TXN-72007,4568329534,9777.5,241,False,CANCELLED,2026-02-10 19:33:11
TXN-79531,6759239331,4582.25,15,True,PENDING,2026-02-10 14:54:27
TXN-81914,7151155582,10490.29,172,False,COMPLETED,2026-02-10 00:10:52
TXN-84947,6439968092,1436.43,480,True,CANCELLED,2026-02-10 02:59:39
TXN-87162,1971934265,2068.88,102,True,COMPLETED,2026-02-10 00:43:53
TXN-89198,8913571312,12571.2,439,False,COMPLETED,2026-02-10 21:04:18
TXN-91097,4568329534,7802.19,482,False,COMPLETED,2026-02-10 21:57:12
TXN-95125,6579398125,14146.31,451,True,COMPLETED,2026-02-10 18:28:52
TXN-98440,9985810207,13027.76,196,True,PENDING,2026-02-10 04:57:02
TXN-14366,2712293212,,301,False,COMPLETED,2026-02-10 00:33:05
TXN-19712,1211827224,5423.63,233,False,COMPLETED,2026-02-10 14:14:30
TXN-25760,6176871470,2063.42,188,False,PENDING,2026-02-10 14:03:51
TXN-27844,8913571312,12825.04,20,True,PENDING,2026-02-10 12:44:46
TXN-31576,6759239331,13699.05,116,True,CANCELLED,2026-02-10 03:35:06
TXN-35294,7651565215,12386.96,287,True,COMPLETED,2026-02-10 16:41:59
TXN-37608,7245991553,7162.32,484,True,COMPLETED,2026-02-10 22:14:43
TXN-42633,5630927942,1376.68,432,True,CANCELLED,2026-02-10 08:38:42
TXN-46913,9200954899,10057.99,23,False,CANCELLED,2026-02-10 23:44:52
TXN-52326,9200954899,10121.07,394,False,COMPLETED,2026-02-10 07:51:17
TXN-55562,6425597888,4931.6,1,False,PENDING,2026-02-10 09:16:07
TXN-57800,5395716639,5518.84,133,False,CANCELLED,2026-02-10 21:43:41
TXN-61539,6425597888,7324.9,279,True,CANCELLED,2026-02-10 01:07:08
TXN-65528,8871159003,4125.44,383,False,CANCELLED,2026-02-10 13:37:10
TXN-68387,1772578074,3423.49,148,False,COMPLETED,2026-02-10 06:08:50
TXN-72847,8148109337,6281.46,266,True,COMPLETED,2026-02-10 08:42:52
TXN-76714,9985810207,2429.43,164,False,PENDING,2026-02-10 23:56:08
TXN-78919,6579398125,1717.59,224,False,CANCELLED,2026-02-10 23:35:53
TXN-84406,1772578074,13997.36,409,True,PENDING,2026-02-10 08:27:10
TXN-86931,4351630478,12585.98,414,False,CANCELLED,2026-02-10 05:46:29
TXN-88228,1284364112,,221,False,COMPLETED,2026-02-10 08:50:13
TXN-89295,6904500237,7650.62,361,True,COMPLETED,2026-02-10 13:05:35
TXN-91796,8317563089,422.13,401,False,PENDING,2026-02-10 22:13:00
TXN-94574,9200954899,619.3,7,True,COMPLETED,2026-02-10 15:37:01
TXN-99380,9200954899,8642.39,88,False,CANCELLED,2026-02-10 21:32:59
TXN-12757,6475869209,12489.3,127,True,CANCELLED,2026-02-10 13:32:46
TXN-16742,2542365134,7831.24,455,True,CANCELLED,2026-02-10 18:12:47
TXN-20006,5105127221,12236.67,4,True,CANCELLED,2026-02-10 05:15:34
TXN-22821,1284364112,,222,True,CANCELLED,2026-02-10 00:52:24
TXN-26105,3127368181,13405.82,243,False,COMPLETED,2026-02-10 08:44:48
TXN-29076,6425597888,53.25,31,False,COMPLETED,2026-02-10 17:09:39
TXN-33021,7151155582,13745.17,247,True,PENDING,2026-02-10 20:07:21
TXN-37794,7245991553,3366.56,234,True,COMPLETED,2026-02-10 12:15:43
TXN-41624,1211827224,12273.21,204,False,COMPLETED,2026-02-10 18:38:51
TXN-43698,6759239331,1805.29,108,False,CANCELLED,2026-02-10 20:44:31
TXN-46139,1211827224,,73,False,PENDING,2026-02-10 08:49:21
TXN-51211,8148109337,8725.04,370,False,CANCELLED,2026-02-10 01:24:17
TXN-57311,6176871470,11309.8,196,True,CANCELLED,2026-02-10 20:10:27
TXN-63358,4698594466,12519.79,35,True,COMPLETED,2026-02-10 21:43:25
TXN-66410,3127368181,10470.68,46,True,COMPLETED,2026-02-10 20:42:34
TXN-68446,6439968092,10943.37,202,True,COMPLETED,2026-02-10 08:28:49
TXN-72091,4571629473,10027.2,335,False,CANCELLED,2026-02-10 00:02:41
TXN-74322,7651565215,,304,False,PENDING,2026-02-10 07:53:47
TXN-78678,6176871470,5505.37,349,False,COMPLETED,2026-02-10 03:13:28
TXN-81087,6579398125,8236.71,447,False,PENDING,2026-02-10 15:55:50
TXN-85613,1674513681,10010.4,110,False,CANCELLED,2026-02-10 10:30:55
TXN-89935,5630927942,4339.46,24,True,PENDING,2026-02-10 00:27:26
TXN-91870,6759239331,13920.01,112,False,PENDING,2026-02-10 01:57:10
TXN-95509,5033983622,8061.17,302,True,COMPLETED,2026-02-10 20:27:08
TXN-97841,8019249439,13916.01,373,False,CANCELLED,2026-02-10 18:01:14
TXN-10651,1474792354,930.41,116,True,CANCELLED,2026-02-10 16:52:55
TXN-14971,6475869209,2203.57,26,True,CANCELLED,2026-02-10 23:23:42
TXN-17629,5395716639,12996.38,102,False,COMPLETED,2026-02-10 11:33:58
TXN-19126,6904500237,,420,False,CANCELLED,2026-02-10 17:36:28
TXN-21474,8148109337,5290.79,237,False,CANCELLED,2026-02-10 16:18:26
TXN-22195,6759239331,14293.0,40,True,PENDING,2026-02-10 01:46:40
TXN-28666,3878529472,9923.4,119,False,COMPLETED,2026-02-10 06:30:05
TXN-32126,4698594466,7789.54,352,False,COMPLETED,2026-02-10 07:25:38
TXN-41499,7651565215,895.43,298,True,PENDING,2026-02-10 02:04:27
TXN-44178,6737382526,,364,True,CANCELLED,2026-02-10 01:19:06
TXN-46512,1284364112,12912.77,326,False,CANCELLED,2026-02-10 09:53:05
TXN-51025,4568329534,10483.63,153,False,CANCELLED,2026-02-10 20:00:48
TXN-54735,3991308074,8387.47,152,False,COMPLETED,2026-02-10 12:07:38
TXN-60709,8221048896,5220.9,199,True,COMPLETED,2026-02-10 20:32:06
TXN-63854,4351630478,,359,False,CANCELLED,2026-02-10 15:04:01
TXN-64639,4058611172,5581.02,346,True,PENDING,2026-02-10 10:42:21
TXN-68474,4312271815,5666.66,131,False,CANCELLED,2026-02-10 07:14:10
TXN-70899,7151155582,5678.91,118,False,CANCELLED,2026-02-10 07:28:45
TXN-75054,3127368181,10509.44,114,True,COMPLETED,2026-02-10 22:37:57
TXN-83645,5747456772,315.68,394,True,COMPLETED,2026-02-10 03:08:51
TXN-84766,2213569454,14281.2,280,True,CANCELLED,2026-02-10 16:29:49
TXN-87662,7164848609,10137.54,357,False,PENDING,2026-02-10 03:20:39
TXN-91306,5105127221,12192.81,495,False,PENDING,2026-02-10 22:04:37
TXN-93088,6176871470,12975.57,94,True,CANCELLED,2026-02-10 16:49:55
TXN-95944,9200954899,9122.57,429,False,COMPLETED,2026-02-10 00:09:23
TXN-17801,9985810207,187.47,81,False,CANCELLED,2026-02-10 21:47:23
TXN-20505,2449494469,3706.95,484,False,PENDING,2026-02-10 18:21:50
TXN-24135,7651565215,7309.43,121,True,PENDING,2026-02-10 04:37:15
TXN-28463,6737382526,3448.3,24,True,COMPLETED,2026-02-10 06:25:40
TXN-30927,2213569454,10589.57,100,True,CANCELLED,2026-02-10 14:51:19
TXN-34853,8716952983,8083.67,295,True,CANCELLED,2026-02-10 00:43:01
TXN-37031,6737382526,9261.79,349,True,CANCELLED,2026-02-10 01:25:14
TXN-38499,8913571312,1067.64,15,True,CANCELLED,2026-02-10 05:26:01
TXN-45380,8716952983,1397.37,227,False,COMPLETED,2026-02-10 07:32:13
TXN-48250,7959785361,1063.41,301,False,COMPLETED,2026-02-10 19:13:13
TXN-51342,4698594466,6180.47,49,False,COMPLETED,2026-02-10 04:01:39
TXN-54607,8716952983,6324.47,435,False,PENDING,2026-02-10 21:54:01
TXN-58046,8871159003,11989.17,227,False,COMPLETED,2026-02-10 01:59:06
TXN-63126,8871159003,,426,True,CANCELLED,2026-02-10 20:17:04
TXN-66841,1971934265,5944.11,82,True,COMPLETED,2026-02-10 05:11:22
TXN-71682,4571629473,,194,False,CANCELLED,2026-02-10 09:37:54
TXN-73798,3127368181,12736.79,164,False,COMPLETED,2026-02-10 04:47:06
TXN-76269,3878529472,12195.53,128,False,CANCELLED,2026-02-10 02:49:26
TXN-78624,5828340170,,459,True,CANCELLED,2026-02-10 07:37:19
TXN-82851,1971934265,11940.32,476,False,PENDING,2026-02-10 10:00:22
TXN-84060,8019249439,10080.74,469,False,CANCELLED,2026-02-10 01:30:21
TXN-89664,8221048896,11832.45,99,False,COMPLETED,2026-02-10 15:54:15
TXN-90997,8913571312,14721.55,367,True,COMPLETED,2026-02-10 16:54:29
TXN-93796,7245991553,2351.8,41,False,CANCELLED,2026-02-10 06:12:15
TXN-97056,6475869209,5992.11,359,True,PENDING,2026-02-10 18:56:06
TXN-12692,7651565215,954.96,247,False,PENDING,2026-02-10 20:32:01
TXN-18421,1474792354,10420.67,347,False,PENDING,2026-02-10 19:14:17
TXN-20501,2213569454,14635.87,494,False,PENDING,2026-02-10 14:56:03
TXN-22859,5630927942,9872.02,296,False,PENDING,2026-02-10 22:19:07
TXN-25268,9200954899,961.88,4,False,COMPLETED,2026-02-10 16:52:58
TXN-27241,1284364112,9403.7,414,False,PENDING,2026-02-10 00:52:33
TXN-28370,4571629473,6084.66,457,False,PENDING,2026-02-10 02:03:37
TXN-30237,6904500237,8771.51,0,False,CANCELLED,2026-02-10 17:24:38
TXN-35719,1211827224,3171.0,97,False,CANCELLED,2026-02-10 05:37:24
TXN-38064,5395716639,4252.27,238,True,COMPLETED,2026-02-10 21:30:08
TXN-41457,5285552918,2250.22,499,True,COMPLETED,2026-02-10 06:16:20
TXN-44940,6904500237,13374.96,416,True,COMPLETED,2026-02-10 03:35:00
TXN-48000,1284364112,5857.95,381,False,CANCELLED,2026-02-10 23:47:15
TXN-54273,2712293212,,449,True,COMPLETED,2026-02-10 21:02:17
TXN-58037,6904500237,5958.09,446,True,PENDING,2026-02-10 15:50:30
TXN-59223,4698594466,3681.93,244,True,COMPLETED,2026-02-10 16:18:43
TXN-62529,2542365134,5174.22,389,False,COMPLETED,2026-02-10 16:05:46
TXN-65921,8317563089,12107.66,307,False,COMPLETED,2026-02-10 10:28:49
TXN-70081,5105127221,14499.63,218,False,CANCELLED,2026-02-10 19:02:38
TXN-75590,1474792354,,388,False,CANCELLED,2026-02-10 13:44:34
TXN-82909,6425597888,9369.54,231,False,COMPLETED,2026-02-10 15:04:33
TXN-87650,5285552918,13682.65,392,True,PENDING,2026-02-10 15:12:34
TXN-90213,6759239331,3944.83,121,False,CANCELLED,2026-02-10 15:01:22
TXN-94985,8221048896,5907.64,341,True,COMPLETED,2026-02-10 03:26:00
TXN-97744,5105127221,467.14,29,False,PENDING,2026-02-10 12:42:19
TXN-99730,9985810207,7756.92,378,False,COMPLETED,2026-02-10 04:54:02
TXN-13444,8221048896,9330.69,485,False,PENDING,2026-02-10 18:56:53
TXN-22501,8148109337,2845.0,110,False,COMPLETED,2026-02-10 06:50:22
TXN-25785,5630927942,1475.31,480,False,PENDING,2026-02-10 11:35:52
TXN-27823,5285552918,1556.71,179,False,COMPLETED,2026-02-10 20:01:23
TXN-29241,4474717052,460.34,1,True,PENDING,2026-02-10 08:51:26
TXN-31389,6759239331,14669.55,183,True,CANCELLED,2026-02-10 08:39:52
TXN-34244,5033983622,5415.21,279,True,CANCELLED,2026-02-10 04:30:49
TXN-35776,1474792354,,494,True,PENDING,2026-02-10 00:22:14
TXN-38989,1284364112,619.99,298,True,CANCELLED,2026-02-10 19:35:19
TXN-41328,2542365134,2847.79,292,False,CANCELLED,2026-02-10 13:31:36
TXN-44741,5105127221,12666.9,380,False,PENDING,2026-02-10 15:19:53
TXN-48837,9200954899,13870.8,284,True,PENDING,2026-02-10 11:24:27
TXN-51172,6425597888,4655.51,240,True,COMPLETED,2026-02-10 05:37:57
TXN-57150,7245991553,4308.04,188,False,COMPLETED,2026-02-10 15:51:41
TXN-61084,6904500237,6993.86,62,True,PENDING,2026-02-10 14:54:50
TXN-63942,4568329534,7332.9,252,False,PENDING,2026-02-10 01:52:59
TXN-71302,2712293212,1582.33,270,True,COMPLETED,2026-02-10 19:21:35
TXN-73863,6904500237,12738.39,258,False,CANCELLED,2026-02-10 11:54:12
TXN-77472,4474717052,8913.03,103,False,PENDING,2026-02-10 05:37:13
TXN-80988,4058611172,14610.67,179,False,CANCELLED,2026-02-10 01:46:56
TXN-84169,4312271815,319.09,341,False,COMPLETED,2026-02-10 11:27:53
TXN-88417,2542365134,11556.76,424,False,CANCELLED,2026-02-10 20:14:06
TXN-90363,8221048896,3314.17,439,True,CANCELLED,2026-02-10 01:20:17
TXN-93996,4058611172,8230.72,374,False,COMPLETED,2026-02-10 01:34:37
TXN-97792,2542365134,4888.54,145,False,COMPLETED,2026-02-10 04:42:02
TXN-11319,4058611172,6013.42,447,True,COMPLETED,2026-02-10 12:35:16
TXN-18763,1674513681,1790.67,128,False,PENDING,2026-02-10 09:52:34
TXN-21294,8148109337,12976.99,459,False,CANCELLED,2026-02-10 03:58:51
TXN-25792,8148109337,4337.03,375,True,PENDING,2026-02-10 09:37:45
TXN-30210,8221048896,66.15,377,True,COMPLETED,2026-02-10 22:56:11
TXN-31882,1474792354,107.22,194,True,PENDING,2026-02-10 00:31:35
TXN-34796,5105127221,8749.34,157,False,CANCELLED,2026-02-10 17:08:48
TXN-37937,9200954899,,468,False,PENDING,2026-02-10 17:37:39
TXN-44068,8221048896,5724.33,345,True,CANCELLED,2026-02-10 13:49:22
TXN-46684,6176871470,5538.45,187,True,CANCELLED,2026-02-10 23:52:22
TXN-49091,1674513681,11427.53,13,True,PENDING,2026-02-10 20:15:16
TXN-53652,2213569454,8007.76,423,False,COMPLETED,2026-02-10 13:36:21
TXN-55927,5828340170,14528.07,438,True,PENDING,2026-02-10 18:16:10
TXN-58525,8913571312,7001.73,156,False,PENDING,2026-02-10 17:38:37
TXN-63086,5828340170,11678.33,3,True,PENDING,2026-02-10 10:35:37
TXN-66414,6176871470,1217.28,16,False,COMPLETED,2026-02-10 14:57:52
TXN-70172,1674513681,2135.88,311,False,PENDING,2026-02-10 22:07:08
TXN-72952,1674513681,6681.92,364,True,CANCELLED,2026-02-10 01:05:28
TXN-76478,1474792354,3397.02,197,False,CANCELLED,2026-02-10 16:34:14
TXN-79040,6425597888,4524.92,67,False,CANCELLED,2026-02-10 14:43:36
TXN-82564,8716952983,1945.11,46,True,COMPLETED,2026-02-10 14:20:13
TXN-84697,3991308074,12335.72,27,True,PENDING,2026-02-10 19:56:00
TXN-88851,7164848609,1441.27,223,False,COMPLETED,2026-02-10 06:27:27
TXN-92717,7245991553,8779.14,50,True,COMPLETED,2026-02-10 07:46:01
TXN-99240,6904500237,,265,True,CANCELLED,2026-02-10 11:34:58
TXN-11922,1211827224,14676.62,9,False,CANCELLED,2026-02-10 20:36:42
TXN-15703,8871159003,10497.32,435,False,CANCELLED,2026-02-10 19:04:19
TXN-18150,1539140569,1273.22,456,False,PENDING,2026-02-10 21:20:18
TXN-20481,5105127221,,478,False,PENDING,2026-02-10 05:34:49
TXN-24547,6439968092,14382.94,304,True,PENDING,2026-02-10 21:36:00
TXN-26815,9985810207,13945.8,293,True,PENDING,2026-02-10 23:27:47
TXN-32291,7959785361,3283.47,51,True,COMPLETED,2026-02-10 02:46:33
TXN-35095,3127368181,11266.19,151,False,CANCELLED,2026-02-10 20:29:38
TXN-38232,6425597888,,160,False,COMPLETED,2026-02-10 04:11:47
TXN-43883,2449494469,3444.96,59,False,PENDING,2026-02-10 23:04:33
TXN-49504,5395716639,14973.8,253,False,CANCELLED,2026-02-10 09:29:57
TXN-54412,1674513681,14699.35,472,False,PENDING,2026-02-10 09:43:33
TXN-57094,6759239331,14598.35,91,False,PENDING,2026-02-10 15:18:54
TXN-63751,8221048896,5040.25,307,True,CANCELLED,2026-02-10 10:04:06
TXN-65414,4312271815,14833.89,312,True,CANCELLED,2026-02-10 04:02:35
TXN-68192,1211827224,,356,True,PENDING,2026-02-10 08:39:10
TXN-74098,4058611172,2197.6,138,False,COMPLETED,2026-02-10 09:33:30
TXN-80118,2712293212,9078.87,207,True,CANCELLED,2026-02-10 18:04:21
TXN-82291,8317563089,3158.33,71,False,PENDING,2026-02-10 17:08:44
TXN-84999,2542365134,6715.36,176,True,PENDING,2026-02-10 19:57:13
TXN-87712,1284364112,193.74,200,False,CANCELLED,2026-02-10 01:17:48
TXN-89271,5828340170,4986.21,188,False,COMPLETED,2026-02-10 13:50:17
TXN-91753,8317563089,10207.93,329,True,PENDING,2026-02-10 14:27:18
TXN-96485,3991308074,3372.31,34,False,PENDING,2026-02-10 09:24:50
TXN-98818,5033983622,1181.45,28,True,PENDING,2026-02-10 18:24:36
TXN-10140,8148109337,4469.24,193,False,CANCELLED,2026-02-10 10:02:57
TXN-15681,6425597888,12698.01,131,True,CANCELLED,2026-02-10 09:29:50
TXN-20198,1474792354,7893.45,415,True,COMPLETED,2026-02-10 07:02:13
TXN-27093,6176871470,10167.36,463,True,PENDING,2026-02-10 10:24:11
TXN-29271,6737382526,3800.01,101,False,COMPLETED,2026-02-10 12:57:00
TXN-31974,4571629473,1372.64,31,False,CANCELLED,2026-02-10 02:13:20
TXN-35485,8019249439,10754.6,455,False,PENDING,2026-02-10 16:28:02
TXN-38278,4312271815,5789.88,259,True,PENDING,2026-02-10 16:11:46
TXN-43628,4698594466,4301.65,481,False,PENDING,2026-02-10 14:12:05
TXN-48718,9200954899,11945.73,481,False,PENDING,2026-02-10 09:44:34
TXN-53154,6737382526,13940.19,496,False,PENDING,2026-02-10 07:00:53
TXN-55863,4312271815,,393,True,CANCELLED,2026-02-10 11:22:29
TXN-58127,5105127221,8468.2,158,True,COMPLETED,2026-02-10 12:28:43
TXN-62873,3127368181,6285.75,112,True,PENDING,2026-02-10 00:01:11
TXN-65739,2542365134,8955.25,298,True,PENDING,2026-02-10 22:24:30
TXN-68999,9200954899,14626.22,221,False,PENDING,2026-02-10 18:05:14
TXN-74473,5105127221,4550.6,301,True,CANCELLED,2026-02-10 13:52:14
TXN-76977,6439968092,5952.07,304,False,COMPLETED,2026-02-10 06:11:27
TXN-81015,6176871470,6909.98,320,False,CANCELLED,2026-02-10 14:29:03
TXN-85246,2213569454,9675.61,295,False,CANCELLED,2026-02-10 12:42:50
TXN-87215,6475869209,13037.9,334,False,COMPLETED,2026-02-10 19:54:07
TXN-88328,2449494469,13522.17,456,False,PENDING,2026-02-10 15:36:54
TXN-89421,7151155582,644.53,448,True,CANCELLED,2026-02-10 21:29:17
TXN-91924,8221048896,7740.03,429,False,COMPLETED,2026-02-10 00:40:49
TXN-96493,2712293212,5347.03,316,True,PENDING,2026-02-10 13:53:43
TXN-99496,7164848609,7012.3,151,False,PENDING,2026-02-10 02:59:32
TXN-13898,4058611172,4268.17,148,False,PENDING,2026-02-10 14:42:19
TXN-17862,1284364112,12830.7,471,False,CANCELLED,2026-02-10 07:45:03
TXN-20703,1284364112,5320.21,249,True,COMPLETED,2026-02-10 07:11:14
TXN-23100,8317563089,6866.25,477,True,COMPLETED,2026-02-10 08:06:24
TXN-26390,5395716639,14315.71,270,False,PENDING,2026-02-10 10:39:59
TXN-29832,7151155582,12324.41,59,False,COMPLETED,2026-02-10 11:47:39
TXN-35339,2449494469,1750.39,272,False,CANCELLED,2026-02-10 21:18:43
TXN-38950,6579398125,8037.34,102,True,PENDING,2026-02-10 12:04:53
TXN-42353,6737382526,8508.79,340,True,COMPLETED,2026-02-10 20:34:14
TXN-43798,6904500237,14180.01,34,False,PENDING,2026-02-10 02:13:57
TXN-46331,6737382526,,279,True,PENDING,2026-02-10 04:26:50
TXN-51501,2213569454,10564.6,440,True,COMPLETED,2026-02-10 00:52:00
TXN-58696,3127368181,8243.78,238,True,PENDING,2026-02-10 23:56:24
TXN-63834,5747456772,13047.99,171,True,PENDING,2026-02-10 12:18:53
TXN-66797,4058611172,11981.94,81,True,COMPLETED,2026-02-10 17:31:35
TXN-68996,1539140569,14625.08,167,False,PENDING,2026-02-10 00:25:30
TXN-72443,4571629473,1214.77,9,False,PENDING,2026-02-10 00:26:13
TXN-74793,2449494469,11172.12,335,False,CANCELLED,2026-02-10 06:55:56
TXN-79040,5630927942,8802.69,373,True,COMPLETED,2026-02-10 15:02:32
TXN-83413,3991308074,3468.13,85,True,COMPLETED,2026-02-10 00:18:04
TXN-87346,4698594466,4276.33,434,True,CANCELLED,2026-02-10 10:23:56
TXN-90632,2449494469,14221.61,108,True,COMPLETED,2026-02-10 09:53:04
TXN-93278,8913571312,5252.09,130,True,COMPLETED,2026-02-10 16:30:52
TXN-95658,6579398125,8847.2,57,True,CANCELLED,2026-02-10 00:01:42
TXN-98733,9200954899,2622.51,132,True,PENDING,2026-02-10 21:21:22
TXN-11035,6425597888,7374.82,20,False,COMPLETED,2026-02-10 23:44:12
TXN-14973,6176871470,12263.99,326,True,CANCELLED,2026-02-10 10:50:34
TXN-18234,7651565215,14452.08,36,False,CANCELLED,2026-02-10 10:43:27
TXN-19482,5747456772,6805.67,338,True,CANCELLED,2026-02-10 20:16:16
TXN-21574,9985810207,11557.34,55,False,CANCELLED,2026-02-10 13:03:06
TXN-22736,4312271815,5804.8,246,True,CANCELLED,2026-02-10 12:41:16
TXN-28960,2542365134,12960.81,133,False,CANCELLED,2026-02-10 15:43:16
TXN-32300,7651565215,8358.13,384,False,COMPLETED,2026-02-10 12:28:01
TXN-41505,1284364112,5504.95,106,False,COMPLETED,2026-02-10 21:35:50
TXN-44676,5747456772,8563.15,268,True,COMPLETED,2026-02-10 23:03:10
TXN-48804,7164848609,6308.35,327,False,PENDING,2026-02-10 07:29:02
TXN-51559,2542365134,2828.02,228,True,COMPLETED,2026-02-10 01:10:28
TXN-55722,4058611172,10899.06,211,False,PENDING,2026-02-10 00:26:39
TXN-61101,7245991553,13154.92,6,True,COMPLETED,2026-02-10 01:36:23
TXN-63986,2213569454,5081.56,255,True,PENDING,2026-02-10 06:34:11
TXN-64723,9985810207,6711.27,336,True,PENDING,2026-02-10 04:30:43
TXN-69025,6425597888,13145.7,500,True,CANCELLED,2026-02-10 16:48:57
TXN-72004,7245991553,,333,True,PENDING,2026-02-10 19:34:26
TXN-75256,2712293212,12365.73,487,False,COMPLETED,2026-02-10 11:40:22
TXN-83730,4312271815,8732.36,202,True,PENDING,2026-02-10 21:30:02
TXN-85339,8019249439,1370.82,224,True,PENDING,2026-02-10 11:39:25
TXN-88707,6439968092,14580.8,404,True,CANCELLED,2026-02-10 10:31:58
TXN-91586,6176871470,10381.37,386,True,COMPLETED,2026-02-10 06:15:43
TXN-94997,4058611172,4035.73,486,False,COMPLETED,2026-02-10 23:28:43
TXN-97623,5033983622,31.09,78,True,CANCELLED,2026-02-10 03:18:07
TXN-18403,7651565215,4720.85,488,False,CANCELLED,2026-02-10 11:50:45
TXN-21507,5285552918,,435,True,PENDING,2026-02-10 16:47:07
TXN-25093,2542365134,4996.45,162,False,PENDING,2026-02-10 22:08:39
TXN-28552,2449494469,2295.27,210,False,CANCELLED,2026-02-10 16:35:02
TXN-31436,8716952983,12175.45,64,True,COMPLETED,2026-02-10 01:04:06
TXN-35254,8148109337,5949.89,187,False,CANCELLED,2026-02-10 15:05:48
TXN-37082,2712293212,7152.12,412,False,PENDING,2026-02-10 13:42:47
TXN-38806,4474717052,9930.43,265,False,PENDING,2026-02-10 10:39:32
TXN-46578,1539140569,3259.72,442,False,CANCELLED,2026-02-10 14:13:35
TXN-48660,1284364112,4469.44,396,True,COMPLETED,2026-02-10 17:13:49
TXN-52413,5747456772,8280.25,127,True,CANCELLED,2026-02-10 09:41:15
TXN-55149,8317563089,5361.26,149,False,COMPLETED,2026-02-10 09:11:00
TXN-60484,4058611172,10711.98,402,True,CANCELLED,2026-02-10 04:59:53
TXN-63330,1284364112,,394,False,CANCELLED,2026-02-10 23:54:44
TXN-66921,8148109337,8889.12,287,False,COMPLETED,2026-02-10 18:36:10
TXN-71862,8716952983,11516.6,273,False,PENDING,2026-02-10 02:29:46
TXN-74255,1772578074,1254.85,142,True,COMPLETED,2026-02-10 00:50:37
TXN-76368,5630927942,11102.0,190,True,CANCELLED,2026-02-10 22:04:33
TXN-81088,5395716639,8921.83,2,True,CANCELLED,2026-02-10 15:38:28
TXN-83085,8019249439,1059.45,52,False,CANCELLED,2026-02-10 19:50:37
TXN-85365,1474792354,14212.71,145,False,COMPLETED,2026-02-10 22:24:06
TXN-90310,8913571312,5227.52,219,False,CANCELLED,2026-02-10 21:28:39
TXN-91121,1772578074,10583.12,222,False,PENDING,2026-02-10 21:59:46
TXN-94493,4698594466,2943.9,157,False,PENDING,2026-02-10 23:32:47
TXN-97718,7245991553,12030.61,320,False,COMPLETED,2026-02-10 14:01:33
TXN-12732,4351630478,,219,True,COMPLETED,2026-02-10 09:05:44
TXN-19334,5828340170,14271.98,337,True,CANCELLED,2026-02-10 07:30:45
TXN-21023,5285552918,5524.76,98,True,COMPLETED,2026-02-10 16:50:06
TXN-22871,2712293212,9647.49,442,True,COMPLETED,2026-02-10 00:15:05
TXN-25466,6425597888,2732.22,167,False,CANCELLED,2026-02-10 13:27:51
TXN-27864,6579398125,1580.55,278,True,PENDING,2026-02-10 15:19:41
TXN-29209,2213569454,2646.15,146,False,PENDING,2026-02-10 04:36:36
TXN-30326,4351630478,5347.95,378,True,PENDING,2026-02-10 10:59:01
TXN-35742,5033983622,7828.96,481,False,PENDING,2026-02-10 00:14:25
TXN-38633,6475869209,5867.38,422,True,COMPLETED,2026-02-10 00:02:35
TXN-42562,7151155582,5770.71,186,True,PENDING,2026-02-10 04:24:23
TXN-45148,3878529472,13324.38,390,True,CANCELLED,2026-02-10 16:48:07
TXN-50221,1539140569,13924.21,241,True,COMPLETED,2026-02-10 08:41:04
TXN-54626,4474717052,1606.79,273,True,CANCELLED,2026-02-10 23:41:04
TXN-58255,8716952983,,156,True,CANCELLED,2026-02-10 07:51:22
TXN-61663,8148109337,12913.04,135,True,PENDING,2026-02-10 23:47:34
TXN-63669,4698594466,1303.66,295,True,CANCELLED,2026-02-10 12:25:11
TXN-68049,6579398125,5345.57,129,True,CANCELLED,2026-02-10 16:52:06
TXN-73282,5105127221,8507.73,106,True,PENDING,2026-02-10 07:25:41
TXN-75740,7151155582,14276.26,39,False,CANCELLED,2026-02-10 20:46:51
TXN-84101,8019249439,7152.27,32,False,CANCELLED,2026-02-10 08:20:39
TXN-89018,1211827224,13390.85,43,True,PENDING,2026-02-10 07:29:36
TXN-92090,1474792354,12487.04,423,True,CANCELLED,2026-02-10 19:21:28
TXN-95585,8871159003,6435.87,246,False,PENDING,2026-02-10 16:31:42
TXN-97818,3991308074,11525.83,277,False,PENDING,2026-02-10 19:16:56
TXN-10753,1772578074,10860.27,437,False,PENDING,2026-02-10 00:15:56
TXN-13638,4474717052,12929.81,224,True,COMPLETED,2026-02-10 15:42:44
TXN-23303,9200954899,14901.82,70,False,COMPLETED,2026-02-10 18:16:42
TXN-25950,5105127221,8649.05,373,False,COMPLETED,2026-02-10 00:52:52
TXN-27838,8317563089,8446.91,342,False,PENDING,2026-02-10 07:04:20
TXN-29714,5630927942,3839.0,64,False,CANCELLED,2026-02-10 16:14:41
TXN-31604,4698594466,14505.15,355,False,COMPLETED,2026-02-10 16:14:57
TXN-34253,6425597888,12011.69,339,False,CANCELLED,2026-02-10 09:49:35
TXN-36041,3127368181,1621.77,23,False,PENDING,2026-02-10 15:43:00
TXN-40302,2449494469,,282,False,PENDING,2026-02-10 18:04:23
TXN-41457,5285552918,2250.22,499,True,COMPLETED,2026-02-10 06:16:20
TXN-44887,6425597888,6866.28,72,False,COMPLETED,2026-02-10 08:56:09
TXN-49205,5828340170,14526.08,351,False,COMPLETED,2026-02-10 14:50:30
TXN-51911,5395716639,13315.93,141,False,COMPLETED,2026-02-10 17:40:25
TXN-58276,2542365134,14659.6,230,True,PENDING,2026-02-10 17:00:13
TXN-61282,1971934265,2106.4,374,True,CANCELLED,2026-02-10 23:38:56
TXN-65462,4698594466,,446,True,PENDING,2026-02-10 14:40:40
TXN-71552,5105127221,7496.38,70,False,COMPLETED,2026-02-10 02:00:29
TXN-74407,2542365134,13819.07,160,False,COMPLETED,2026-02-10 06:20:05
TXN-78002,5033983622,3119.19,385,True,CANCELLED,2026-02-10 06:22:58
TXN-82151,1539140569,10097.78,309,False,CANCELLED,2026-02-10 07:55:39
TXN-84606,3878529472,2283.99,370,False,COMPLETED,2026-02-10 18:33:29
TXN-88711,8148109337,10602.52,314,True,CANCELLED,2026-02-10 07:51:44
TXN-90490,3127368181,5100.14,208,True,COMPLETED,2026-02-10 10:20:47
TXN-95269,6904500237,10888.18,11,True,COMPLETED,2026-02-10 21:38:58
TXN-99499,8148109337,13777.22,282,True,COMPLETED,2026-02-10 10:15:21
TXN-10255,6176871470,14958.14,495,False,COMPLETED,2026-02-10 21:55:57
TXN-11883,4312271815,6731.75,262,False,COMPLETED,2026-02-10 20:54:08
TXN-19482,7959785361,4908.08,200,True,COMPLETED,2026-02-10 20:32:51
TXN-21499,1211827224,4491.75,307,True,PENDING,2026-02-10 16:23:29
TXN-26657,7959785361,8496.03,368,False,CANCELLED,2026-02-10 06:07:44
TXN-30503,4571629473,13970.66,50,True,CANCELLED,2026-02-10 05:51:19
TXN-31963,5033983622,2031.92,173,True,COMPLETED,2026-02-10 13:00:59
TXN-35379,8148109337,7719.06,211,False,PENDING,2026-02-10 14:04:05
TXN-38988,6425597888,7317.54,309,False,COMPLETED,2026-02-10 14:07:27
TXN-44278,7164848609,,288,True,CANCELLED,2026-02-10 06:27:23
TXN-47313,5828340170,8901.39,147,True,CANCELLED,2026-02-10 06:47:04
TXN-49461,4058611172,3452.2,415,True,PENDING,2026-02-10 09:37:52
TXN-54165,2449494469,12584.52,247,True,CANCELLED,2026-02-10 15:29:12
TXN-56531,4351630478,13129.14,484,False,COMPLETED,2026-02-10 03:59:45
TXN-61086,8913571312,8912.64,376,True,PENDING,2026-02-10 18:16:40
TXN-63429,4474717052,4698.63,208,True,CANCELLED,2026-02-10 01:13:40
TXN-66749,7959785361,4428.43,273,True,COMPLETED,2026-02-10 09:52:03
TXN-71362,4474717052,11928.46,354,False,CANCELLED,2026-02-10 20:48:20
TXN-73388,6176871470,12322.39,420,False,PENDING,2026-02-10 05:10:52
TXN-76834,4568329534,14588.76,141,True,CANCELLED,2026-02-10 17:03:07
TXN-80475,7959785361,1425.69,48,False,PENDING,2026-02-10 16:20:13
TXN-82676,1971934265,629.61,488,False,COMPLETED,2026-02-10 07:39:56
TXN-84797,5630927942,11079.7,404,True,COMPLETED,2026-02-10 00:19:26
TXN-89903,4568329534,5155.13,112,False,PENDING,2026-02-10 06:10:39
TXN-95137,9200954899,14122.95,219,True,PENDING,2026-02-10 03:12:44
TXN-99663,1474792354,12153.15,493,True,COMPLETED,2026-02-10 12:02:24
TXN-10161,6737382526,10746.65,335,False,CANCELLED,2026-02-10 13:02:25
TXN-12666,5105127221,10764.1,425,True,PENDING,2026-02-10 02:00:15
TXN-15915,3127368181,10291.63,7,False,PENDING,2026-02-10 03:22:54
TXN-18188,1539140569,6304.96,246,False,COMPLETED,2026-02-10 11:31:14
TXN-21618,7151155582,1020.04,115,False,CANCELLED,2026-02-10 16:19:23
TXN-24756,7164848609,8098.46,12,True,PENDING,2026-02-10 05:58:31
TXN-28898,5630927942,3946.7,461,True,PENDING,2026-02-10 01:57:13
TXN-32585,8317563089,5589.74,457,True,COMPLETED,2026-02-10 09:26:42
TXN-35282,6475869209,10961.04,177,True,PENDING,2026-02-10 22:54:45
TXN-40592,7151155582,1057.79,177,False,COMPLETED,2026-02-10 23:02:22
TXN-44188,3991308074,12536.43,113,True,COMPLETED,2026-02-10 01:00:09
TXN-52463,5105127221,13122.94,374,False,CANCELLED,2026-02-10 13:19:14
TXN-54525,9985810207,,115,False,PENDING,2026-02-10 18:12:47
TXN-58154,5285552918,6826.63,55,False,COMPLETED,2026-02-10 11:33:57
TXN-64065,8716952983,8803.23,110,True,COMPLETED,2026-02-10 16:12:36
TXN-66229,8913571312,4017.65,498,True,CANCELLED,2026-02-10 08:01:39
TXN-68293,8148109337,9167.45,493,False,COMPLETED,2026-02-10 13:04:55
TXN-74561,6759239331,12602.08,106,True,CANCELLED,2026-02-10 17:20:35
TXN-80682,5747456772,,100,False,PENDING,2026-02-10 19:48:25
TXN-83411,7151155582,8069.21,185,False,COMPLETED,2026-02-10 22:46:10
TXN-85227,1211827224,4999.6,288,False,COMPLETED,2026-02-10 12:18:42
TXN-87752,6904500237,13238.94,292,True,PENDING,2026-02-10 18:09:34
TXN-89804,6737382526,1884.89,24,True,PENDING,2026-02-10 02:36:43
TXN-91808,8913571312,2802.76,224,True,PENDING,2026-02-10 06:42:53
TXN-96915,1772578074,3395.07,243,False,PENDING,2026-02-10 07:03:27
TXN-99319,4698594466,13985.1,215,False,COMPLETED,2026-02-10 11:21:19
TXN-11334,5630927942,7225.35,403,True,PENDING,2026-02-10 19:19:07
TXN-16470,5747456772,3354.39,495,True,CANCELLED,2026-02-10 05:54:59
TXN-20452,8221048896,11472.34,202,True,PENDING,2026-02-10 14:41:50
TXN-27184,1772578074,3799.92,288,True,PENDING,2026-02-10 14:22:37
TXN-29512,1772578074,14193.57,32,False,PENDING,2026-02-10 17:17:06
TXN-32225,6579398125,13921.28,466,False,PENDING,2026-02-10 14:23:47
TXN-36371,4351630478,10131.49,89,True,COMPLETED,2026-02-10 20:53:16
TXN-38946,3878529472,2596.09,7,False,CANCELLED,2026-02-10 13:38:53
TXN-43744,4568329534,13792.45,44,False,COMPLETED,2026-02-10 16:03:36
TXN-49051,9200954899,8982.31,5,False,PENDING,2026-02-10 09:28:54
TXN-53465,5033983622,2100.04,296,True,COMPLETED,2026-02-10 15:48:55
TXN-56001,5747456772,2973.52,12,True,CANCELLED,2026-02-10 04:49:01
TXN-58397,7164848609,13938.67,174,False,COMPLETED,2026-02-10 00:01:41
TXN-62926,7959785361,7321.66,470,True,PENDING,2026-02-10 11:29:57
TXN-67139,6475869209,3150.68,280,False,COMPLETED,2026-02-10 12:20:14
TXN-70383,5285552918,3017.26,483,False,COMPLETED,2026-02-10 10:28:29
TXN-74651,9200954899,651.95,16,False,CANCELLED,2026-02-10 22:12:27
TXN-77513,5828340170,7852.24,140,True,COMPLETED,2026-02-10 23:18:02
TXN-82415,3127368181,6582.95,171,False,CANCELLED,2026-02-10 12:04:43
TXN-85489,3991308074,,300,False,CANCELLED,2026-02-10 02:23:17
TXN-87649,5285552918,11430.93,460,False,COMPLETED,2026-02-10 09:52:36
TXN-88705,5747456772,11753.92,387,True,PENDING,2026-02-10 14:29:27
TXN-90098,4571629473,11421.24,60,True,COMPLETED,2026-02-10 18:25:01
TXN-92153,7151155582,2183.01,476,False,PENDING,2026-02-10 11:25:31
TXN-96718,9985810207,2201.44,359,True,COMPLETED,2026-02-10 01:43:10
TXN-99918,8148109337,,1,True,CANCELLED,2026-02-10 12:23:37
TXN-10348,3991308074,9602.93,39,False,COMPLETED,2026-02-10 12:45:19
TXN-14533,8716952983,7021.03,242,True,COMPLETED,2026-02-10 07:49:13
TXN-18779,4312271815,4089.99,446,False,COMPLETED,2026-02-10 14:51:21
TXN-21170,5395716639,5406.9,260,False,PENDING,2026-02-10 16:54:17
TXN-24177,3991308074,11061.16,496,True,CANCELLED,2026-02-10 18:58:51
TXN-26758,4474717052,4786.04,291,True,PENDING,2026-02-10 19:45:58
TXN-30324,7164848609,14200.22,69,True,CANCELLED,2026-02-10 01:29:22
TXN-35513,7164848609,264.09,372,True,CANCELLED,2026-02-10 08:48:54
TXN-39483,8148109337,14424.38,81,False,PENDING,2026-02-10 03:14:42
TXN-42397,5285552918,8508.84,405,False,CANCELLED,2026-02-10 17:53:39
TXN-43893,4058611172,4719.94,83,False,CANCELLED,2026-02-10 04:04:25
TXN-48384,3878529472,2244.76,331,False,COMPLETED,2026-02-10 08:12:15
TXN-52176,6737382526,14356.9,483,True,PENDING,2026-02-10 05:58:37
TXN-59004,7245991553,14737.07,462,False,CANCELLED,2026-02-10 20:52:10
TXN-64127,8221048896,10846.79,114,True,COMPLETED,2026-02-10 15:06:33
TXN-66872,7164848609,7663.69,337,True,PENDING,2026-02-10 02:25:22
TXN-69795,5285552918,3131.34,135,False,COMPLETED,2026-02-10 22:52:36
TXN-73200,4312271815,4810.22,288,False,COMPLETED,2026-02-10 03:36:20
TXN-75947,3878529472,5800.68,21,True,COMPLETED,2026-02-10 06:06:26
TXN-79501,4474717052,10220.9,465,True,COMPLETED,2026-02-10 22:32:37
TXN-84245,3127368181,8248.52,88,True,PENDING,2026-02-10 07:49:57
TXN-89080,9985810207,12948.34,241,False,CANCELLED,2026-02-10 08:03:06
TXN-91136,2542365134,3797.56,285,False,CANCELLED,2026-02-10 03:54:08
TXN-93383,7651565215,12890.47,258,False,PENDING,2026-02-10 04:13:42
TXN-96162,8716952983,3067.54,412,True,COMPLETED,2026-02-10 20:03:03
TXN-99529,6425597888,10993.17,380,True,COMPLETED,2026-02-10 06:02:30
TXN-11489,6176871470,9014.77,78,False,COMPLETED,2026-02-10 07:16:34
TXN-16393,8716952983,4772.54,229,True,CANCELLED,2026-02-10 08:18:47
TXN-18814,6475869209,11056.07,83,False,PENDING,2026-02-10 08:58:45
TXN-20508,8148109337,2449.97,50,True,CANCELLED,2026-02-10 04:48:54
TXN-21684,6579398125,600.71,316,False,PENDING,2026-02-10 14:52:59
TXN-23541,4351630478,11787.14,12,False,CANCELLED,2026-02-10 10:16:13
TXN-29220,5105127221,14851.8,340,False,CANCELLED,2026-02-10 12:53:41
TXN-39817,4351630478,1236.85,189,False,COMPLETED,2026-02-10 22:43:54
TXN-42719,4312271815,10433.96,451,True,CANCELLED,2026-02-10 12:51:14
TXN-45285,6425597888,9186.2,224,True,COMPLETED,2026-02-10 05:41:38
TXN-48815,1971934265,4851.92,274,False,COMPLETED,2026-02-10 06:50:57
TXN-52100,7245991553,1681.96,240,True,CANCELLED,2026-02-10 16:39:23
TXN-57464,2712293212,429.31,264,False,PENDING,2026-02-10 06:17:08
TXN-61266,1971934265,1063.46,203,True,CANCELLED,2026-02-10 13:19:07
TXN-64496,5747456772,7368.77,107,True,CANCELLED,2026-02-10 11:24:53
TXN-64749,3127368181,7727.44,104,False,CANCELLED,2026-02-10 06:21:29
TXN-69373,6439968092,13481.14,423,True,CANCELLED,2026-02-10 12:54:59
TXN-73685,7164848609,12707.97,361,True,PENDING,2026-02-10 07:13:00
TXN-75409,2449494469,2587.12,96,False,CANCELLED,2026-02-10 08:24:42
TXN-84334,2449494469,8170.38,358,False,COMPLETED,2026-02-10 03:07:17
TXN-85685,6439968092,11268.28,463,False,PENDING,2026-02-10 07:11:35
TXN-89676,2542365134,5143.04,331,True,COMPLETED,2026-02-10 15:34:49
TXN-92258,3991308074,12528.72,126,False,COMPLETED,2026-02-10 05:56:17
TXN-95145,4474717052,,59,False,COMPLETED,2026-02-10 06:06:00
TXN-98491,6425597888,959.51,52,False,CANCELLED,2026-02-10 02:09:49
TXN-19056,7651565215,6646.63,335,False,COMPLETED,2026-02-10 04:50:07
TXN-22649,8221048896,12621.58,422,True,PENDING,2026-02-10 23:55:22
TXN-25918,7651565215,3337.5,257,True,CANCELLED,2026-02-10 15:09:24
TXN-29902,2449494469,9077.0,183,True,PENDING,2026-02-10 00:35:46
TXN-31569,1539140569,4065.95,376,True,COMPLETED,2026-02-10 14:08:40
TXN-35664,6904500237,12074.61,130,True,PENDING,2026-02-10 03:55:26
TXN-37587,8148109337,4348.68,107,False,COMPLETED,2026-02-10 16:40:11
TXN-39910,5747456772,13634.2,84,True,COMPLETED,2026-02-10 11:10:55
TXN-46690,5395716639,8568.06,322,False,CANCELLED,2026-02-10 17:38:13
TXN-49191,9985810207,,324,False,PENDING,2026-02-10 10:13:56
TXN-52607,1539140569,13353.68,11,True,COMPLETED,2026-02-10 19:20:19
TXN-55555,4312271815,5689.85,443,False,CANCELLED,2026-02-10 17:17:30
TXN-62665,5828340170,8340.29,366,True,PENDING,2026-02-10 07:25:21
TXN-64797,1211827224,2966.81,335,False,COMPLETED,2026-02-10 15:45:12
TXN-69347,5033983622,10864.32,206,True,PENDING,2026-02-10 12:16:09
TXN-71908,5395716639,2052.81,334,False,PENDING,2026-02-10 18:57:52
TXN-74530,5828340170,2832.53,304,True,CANCELLED,2026-02-10 21:34:21
TXN-76487,1284364112,2236.48,259,True,CANCELLED,2026-02-10 15:22:15
TXN-81615,4058611172,4512.15,488,True,PENDING,2026-02-10 12:19:35
TXN-83086,2542365134,14943.75,333,True,PENDING,2026-02-10 23:37:24
TXN-86509,6579398125,9472.96,217,True,PENDING,2026-02-10 17:58:01
TXN-90409,5395716639,8571.6,32,False,COMPLETED,2026-02-10 20:54:31
TXN-91805,7245991553,6102.96,78,True,CANCELLED,2026-02-10 03:55:58
TXN-94722,9200954899,4800.91,254,True,COMPLETED,2026-02-10 19:43:06
TXN-98117,5828340170,3455.47,223,True,PENDING,2026-02-10 09:26:56
TXN-12912,6759239331,12181.21,332,True,CANCELLED,2026-02-10 03:53:28
TXN-20021,6579398125,3868.36,176,False,PENDING,2026-02-10 11:08:32
TXN-21652,6475869209,,401,False,PENDING,2026-02-10 00:35:12
TXN-23049,4698594466,11211.77,389,True,CANCELLED,2026-02-10 14:25:53
TXN-25843,7651565215,338.48,438,False,COMPLETED,2026-02-10 15:47:57
TXN-28084,1772578074,2306.33,483,False,CANCELLED,2026-02-10 13:29:33
TXN-29510,2542365134,14131.53,28,False,PENDING,2026-02-10 10:13:44
TXN-31268,4312271815,10381.6,6,False,CANCELLED,2026-02-10 10:02:51
TXN-35817,5033983622,12331.46,46,True,PENDING,2026-02-10 16:04:37
TXN-38714,1284364112,11685.64,125,False,COMPLETED,2026-02-10 02:11:50
TXN-43080,4474717052,8879.76,155,True,PENDING,2026-02-10 11:17:16
TXN-45797,7651565215,9329.14,101,False,PENDING,2026-02-10 12:23:17
TXN-52434,1674513681,13524.74,219,False,PENDING,2026-02-10 23:40:58
TXN-55614,7164848609,5369.99,449,False,CANCELLED,2026-02-10 10:07:10
TXN-58374,6439968092,12302.97,8,False,CANCELLED,2026-02-10 20:33:14
TXN-61734,6439968092,3755.4,4,True,COMPLETED,2026-02-10 09:59:50
TXN-65061,4058611172,7494.41,495,True,PENDING,2026-02-10 23:16:51
TXN-68592,4312271815,8265.87,323,False,COMPLETED,2026-02-10 19:26:09
TXN-73598,5285552918,12250.15,219,False,COMPLETED,2026-02-10 06:16:18
TXN-78415,5747456772,12324.16,453,True,PENDING,2026-02-10 20:15:13
TXN-84471,8716952983,9974.18,280,False,PENDING,2026-02-10 11:49:39
TXN-89134,1674513681,7787.73,328,False,PENDING,2026-02-10 08:11:06
TXN-92139,6579398125,2730.11,75,False,CANCELLED,2026-02-10 07:12:52
TXN-95654,4571629473,12398.63,292,True,CANCELLED,2026-02-10 02:13:53
TXN-97921,2213569454,5193.58,234,True,CANCELLED,2026-02-10 20:29:18
